"year","month_no","month_tr","month_en","date","gender","pop_15_plus","labor_force","employment","unemployment","not_in_labor_force","lfp_rate","emp_rate","unemp_rate"
2005,1,"Ocak","January",2005-01-01,"Total",47938,20277,18128,2150,27661,42.3,37.8,10.6
2005,2,"Şubat","February",2005-02-01,"Total",48015,19912,17846,2066,28103,41.5,37.2,10.4
2005,3,"Mart","March",2005-03-01,"Total",48086,20662,18591,2070,27424,43,38.7,10
2005,4,"Nisan","April",2005-04-01,"Total",48163,21242,19258,1983,26922,44.1,40,9.3
2005,5,"Mayıs","May",2005-05-01,"Total",48239,21660,19838,1822,26579,44.9,41.1,8.4
2005,6,"Haziran","June",2005-06-01,"Total",48317,21948,20169,1779,26369,45.4,41.7,8.1
2005,7,"Temmuz","July",2005-07-01,"Total",48392,21878,19954,1924,26514,45.2,41.2,8.8
2005,8,"Ağustos","August",2005-08-01,"Total",48470,22009,20193,1816,26461,45.4,41.7,8.2
2005,9,"Eylül","September",2005-09-01,"Total",48548,21923,20076,1847,26625,45.2,41.4,8.4
2005,10,"Ekim","October",2005-10-01,"Total",48623,21595,19555,2040,27028,44.4,40.2,9.4
2005,11,"Kasım","November",2005-11-01,"Total",48701,21528,19559,1969,27173,44.2,40.2,9.1
2005,12,"Aralık","December",2005-12-01,"Total",48776,21219,19113,2106,27558,43.5,39.2,9.9
2006,1,"Ocak","January",2006-01-01,"Total",48854,20347,18061,2286,28507,41.6,37,11.2
2006,2,"Şubat","February",2006-02-01,"Total",48933,20300,18144,2156,28633,41.5,37.1,10.6
2006,3,"Mart","March",2006-03-01,"Total",49003,20784,18704,2080,28219,42.4,38.2,10
2006,4,"Nisan","April",2006-04-01,"Total",49081,21374,19529,1845,27707,43.5,39.8,8.6
2006,5,"Mayıs","May",2006-05-01,"Total",49157,21969,20299,1670,27188,44.7,41.3,7.6
2006,6,"Haziran","June",2006-06-01,"Total",49235,22148,20607,1541,27087,45,41.9,7
2006,7,"Temmuz","July",2006-07-01,"Total",49311,22322,20368,1954,26989,45.3,41.3,8.8
2006,8,"Ağustos","August",2006-08-01,"Total",49389,22329,20550,1779,27060,45.2,41.6,8
2006,9,"Eylül","September",2006-09-01,"Total",49467,22318,20534,1784,27149,45.1,41.5,8
2006,10,"Ekim","October",2006-10-01,"Total",49543,21848,19968,1881,27695,44.1,40.3,8.6
2006,11,"Kasım","November",2006-11-01,"Total",49621,21820,20089,1731,27801,44,40.5,7.9
2006,12,"Aralık","December",2006-12-01,"Total",49697,21663,19750,1913,28033,43.6,39.7,8.8
2007,1,"Ocak","January",2007-01-01,"Total",49773,20965,18761,2205,28808,42.1,37.7,10.5
2007,2,"Şubat","February",2007-02-01,"Total",49848,20954,18965,1989,28894,42,38,9.5
2007,3,"Mart","March",2007-03-01,"Total",49916,21343,19337,2006,28573,42.8,38.7,9.4
2007,4,"Nisan","April",2007-04-01,"Total",49991,21901,19889,2012,28090,43.8,39.8,9.2
2007,5,"Mayıs","May",2007-05-01,"Total",50064,22403,20701,1702,27661,44.7,41.3,7.6
2007,6,"Haziran","June",2007-06-01,"Total",50139,22649,20962,1687,27490,45.2,41.8,7.4
2007,7,"Temmuz","July",2007-07-01,"Total",50212,22743,20727,2016,27469,45.3,41.3,8.9
2007,8,"Ağustos","August",2007-08-01,"Total",50287,22645,20861,1784,27642,45,41.5,7.9
2007,9,"Eylül","September",2007-09-01,"Total",50362,22502,20573,1929,27860,44.7,40.8,8.6
2007,10,"Ekim","October",2007-10-01,"Total",50435,22120,20064,2056,28315,43.9,39.8,9.3
2007,11,"Kasım","November",2007-11-01,"Total",50510,21752,19780,1973,28757,43.1,39.2,9.1
2007,12,"Aralık","December",2007-12-01,"Total",50583,21471,19392,2079,29111,42.4,38.3,9.7
2008,1,"Ocak","January",2008-01-01,"Total",50651,21382,19076,2306,29269,42.2,37.7,10.8
2008,2,"Şubat","February",2008-02-01,"Total",50712,21179,18918,2261,29533,41.8,37.3,10.7
2008,3,"Mart","March",2008-03-01,"Total",50769,21857,19584,2274,28912,43.1,38.6,10.4
2008,4,"Nisan","April",2008-04-01,"Total",50831,22518,20587,1931,28312,44.3,40.5,8.6
2008,5,"Mayıs","May",2008-05-01,"Total",50890,22742,20948,1793,28148,44.7,41.2,7.9
2008,6,"Haziran","June",2008-06-01,"Total",50951,23378,21406,1971,27573,45.9,42,8.4
2008,7,"Temmuz","July",2008-07-01,"Total",51010,23615,21503,2112,27395,46.3,42.2,8.9
2008,8,"Ağustos","August",2008-08-01,"Total",51071,23138,21045,2092,27934,45.3,41.2,9
2008,9,"Eylül","September",2008-09-01,"Total",51133,23241,21017,2224,27892,45.5,41.1,9.6
2008,10,"Ekim","October",2008-10-01,"Total",51192,23225,20848,2377,27967,45.4,40.7,10.2
2008,11,"Kasım","November",2008-11-01,"Total",51253,22569,20154,2415,28684,44,39.3,10.7
2008,12,"Aralık","December",2008-12-01,"Total",51312,22691,19705,2986,28622,44.2,38.4,13.2
2009,1,"Ocak","January",2009-01-01,"Total",51393,22511,19346,3165,28882,43.8,37.6,14.1
2009,2,"Şubat","February",2009-02-01,"Total",51466,22164,18833,3331,29302,43.1,36.6,15
2009,3,"Mart","March",2009-03-01,"Total",51542,22827,19475,3352,28715,44.3,37.8,14.7
2009,4,"Nisan","April",2009-04-01,"Total",51626,23294,20180,3114,28332,45.1,39.1,13.4
2009,5,"Mayıs","May",2009-05-01,"Total",51707,23503,20540,2963,28204,45.5,39.7,12.6
2009,6,"Haziran","June",2009-06-01,"Total",51791,24180,21309,2871,27611,46.7,41.1,11.9
2009,7,"Temmuz","July",2009-07-01,"Total",51872,24428,21486,2942,27443,47.1,41.4,12
2009,8,"Ağustos","August",2009-08-01,"Total",51956,24119,21151,2968,27837,46.4,40.7,12.3
2009,9,"Eylül","September",2009-09-01,"Total",52039,24410,21223,3187,27629,46.9,40.8,13.1
2009,10,"Ekim","October",2009-10-01,"Total",52120,23983,21187,2796,28137,46,40.6,11.7
2009,11,"Kasım","November",2009-11-01,"Total",52204,23785,20931,2854,28419,45.6,40.1,12
2009,12,"Aralık","December",2009-12-01,"Total",52285,23857,20746,3111,28429,45.6,39.7,13
2010,1,"Ocak","January",2010-01-01,"Total",52376,23473,20339,3133,28903,44.8,38.8,13.3
2010,2,"Şubat","February",2010-02-01,"Total",52474,23569,20243,3326,28905,44.9,38.6,14.1
2010,3,"Mart","March",2010-03-01,"Total",52561,24168,21121,3047,28392,46,40.2,12.6
2010,4,"Nisan","April",2010-04-01,"Total",52661,24449,21761,2689,28211,46.4,41.3,11
2010,5,"Mayıs","May",2010-05-01,"Total",52756,24700,22201,2499,28055,46.8,42.1,10.1
2010,6,"Haziran","June",2010-06-01,"Total",52854,25116,22663,2452,27738,47.5,42.9,9.8
2010,7,"Temmuz","July",2010-07-01,"Total",52949,25277,22719,2558,27671,47.7,42.9,10.1
2010,8,"Ağustos","August",2010-08-01,"Total",53047,24813,22297,2516,28234,46.8,42,10.1
2010,9,"Eylül","September",2010-09-01,"Total",53145,24975,22179,2796,28170,47,41.7,11.2
2010,10,"Ekim","October",2010-10-01,"Total",53240,24674,22212,2462,28566,46.3,41.7,10
2010,11,"Kasım","November",2010-11-01,"Total",53338,24482,22097,2385,28856,45.9,41.4,9.7
2010,12,"Aralık","December",2010-12-01,"Total",53433,24493,21891,2602,28940,45.8,41,10.6
2011,1,"Ocak","January",2011-01-01,"Total",53525,24381,21707,2674,29144,45.6,40.6,11
2011,2,"Şubat","February",2011-02-01,"Total",53610,24434,21776,2657,29177,45.6,40.6,10.9
2011,3,"Mart","March",2011-03-01,"Total",53688,24916,22448,2468,28772,46.4,41.8,9.9
2011,4,"Nisan","April",2011-04-01,"Total",53773,25438,23077,2361,28335,47.3,42.9,9.3
2011,5,"Mayıs","May",2011-05-01,"Total",53856,25815,23615,2199,28041,47.9,43.8,8.5
2011,6,"Haziran","June",2011-06-01,"Total",53941,26067,23886,2181,27874,48.3,44.3,8.4
2011,7,"Temmuz","July",2011-07-01,"Total",54024,26419,24201,2218,27605,48.9,44.8,8.4
2011,8,"Ağustos","August",2011-08-01,"Total",54109,25978,23844,2135,28131,48,44.1,8.2
2011,9,"Eylül","September",2011-09-01,"Total",54195,25964,23740,2224,28231,47.9,43.8,8.6
2011,10,"Ekim","October",2011-10-01,"Total",54277,25670,23716,1954,28608,47.3,43.7,7.6
2011,11,"Kasım","November",2011-11-01,"Total",54363,25294,23100,2195,29068,46.5,42.5,8.7
2011,12,"Aralık","December",2011-12-01,"Total",54445,25053,22881,2172,29392,46,42,8.7
2012,1,"Ocak","January",2012-01-01,"Total",54528,24578,22282,2296,29951,45.1,40.9,9.3
2012,2,"Şubat","February",2012-02-01,"Total",54608,24377,21879,2498,30232,44.6,40.1,10.2
2012,3,"Mart","March",2012-03-01,"Total",54683,25134,22858,2275,29550,46,41.8,9.1
2012,4,"Nisan","April",2012-04-01,"Total",54763,25673,23652,2021,29090,46.9,43.2,7.9
2012,5,"Mayıs","May",2012-05-01,"Total",54841,26303,24325,1978,28538,48,44.4,7.5
2012,6,"Haziran","June",2012-06-01,"Total",54921,26471,24594,1877,28450,48.2,44.8,7.1
2012,7,"Temmuz","July",2012-07-01,"Total",54998,26334,24452,1882,28665,47.9,44.5,7.1
2012,8,"Ağustos","August",2012-08-01,"Total",55078,26286,24172,2113,28793,47.7,43.9,8
2012,9,"Eylül","September",2012-09-01,"Total",55159,26350,24168,2182,28809,47.8,43.8,8.3
2012,10,"Ekim","October",2012-10-01,"Total",55236,26594,24514,2080,28642,48.1,44.4,7.8
2012,11,"Kasım","November",2012-11-01,"Total",55316,26389,24155,2235,28927,47.7,43.7,8.5
2012,12,"Aralık","December",2012-12-01,"Total",55394,26204,23806,2398,29190,47.3,43,9.2
2013,1,"Ocak","January",2013-01-01,"Total",55480,25953,23472,2481,29527,46.8,42.3,9.6
2013,2,"Şubat","February",2013-02-01,"Total",55573,25826,23249,2577,29747,46.5,41.8,10
2013,3,"Mart","March",2013-03-01,"Total",55658,26341,23912,2429,29317,47.3,43,9.2
2013,4,"Nisan","April",2013-04-01,"Total",55751,26918,24579,2339,28833,48.3,44.1,8.7
2013,5,"Mayıs","May",2013-05-01,"Total",55841,27388,25196,2191,28454,49,45.1,8
2013,6,"Haziran","June",2013-06-01,"Total",55935,27386,25289,2098,28548,49,45.2,7.7
2013,7,"Temmuz","July",2013-07-01,"Total",56025,27436,25091,2344,28590,49,44.8,8.5
2013,8,"Ağustos","August",2013-08-01,"Total",56118,27348,24870,2479,28770,48.7,44.3,9.1
2013,9,"Eylül","September",2013-09-01,"Total",56212,27138,24755,2383,29074,48.3,44,8.8
2013,10,"Ekim","October",2013-10-01,"Total",56302,27114,24726,2388,29188,48.2,43.9,8.8
2013,11,"Kasım","November",2013-11-01,"Total",56395,26812,24362,2450,29583,47.5,43.2,9.1
2013,12,"Aralık","December",2013-12-01,"Total",56486,26797,24328,2469,29689,47.4,43.1,9.2
2014,1,"Ocak","January",2014-01-01,"Total",56571,27059,24210,2849,29512,47.8,42.8,10.5
2014,2,"Şubat","February",2014-02-01,"Total",56648,27458,24563,2895,29190,48.5,43.4,10.5
2014,3,"Mart","March",2014-03-01,"Total",56718,28290,25634,2656,28428,49.9,45.2,9.4
2014,4,"Nisan","April",2014-04-01,"Total",56795,28449,25937,2512,28346,50.1,45.7,8.8
2014,5,"Mayıs","May",2014-05-01,"Total",56869,28723,26298,2426,28146,50.5,46.2,8.4
2014,6,"Haziran","June",2014-06-01,"Total",56946,29658,26976,2682,27288,52.1,47.4,9
2014,7,"Temmuz","July",2014-07-01,"Total",57021,28897,26092,2805,28123,50.7,45.8,9.7
2014,8,"Ağustos","August",2014-08-01,"Total",57098,28886,25968,2918,28211,50.6,45.5,10.1
2014,9,"Eylül","September",2014-09-01,"Total",57175,29483,26504,2979,27692,51.6,46.4,10.1
2014,10,"Ekim","October",2014-10-01,"Total",57249,28940,25799,3141,28309,50.6,45.1,10.9
2014,11,"Kasım","November",2014-11-01,"Total",57326,28695,25697,2998,28631,50.1,44.8,10.4
2014,12,"Aralık","December",2014-12-01,"Total",57401,28724,25614,3110,28677,50,44.6,10.8
2015,1,"Ocak","January",2015-01-01,"Total",57475,28334,24959,3375,29140,49.3,43.4,11.9
2015,2,"Şubat","February",2015-02-01,"Total",57545,28661,25299,3362,28884,49.8,44,11.7
2015,3,"Mart","March",2015-03-01,"Total",57609,29055,26036,3019,28553,50.4,45.2,10.4
2015,4,"Nisan","April",2015-04-01,"Total",57679,29171,26375,2796,28508,50.6,45.7,9.6
2015,5,"Mayıs","May",2015-05-01,"Total",57747,29632,27006,2626,28116,51.3,46.8,8.9
2015,6,"Haziran","June",2015-06-01,"Total",57818,30274,27368,2906,27544,52.4,47.3,9.6
2015,7,"Temmuz","July",2015-07-01,"Total",57891,29841,26851,2989,28050,51.5,46.4,10
2015,8,"Ağustos","August",2015-08-01,"Total",57973,30316,27299,3018,27656,52.3,47.1,10
2015,9,"Eylül","September",2015-09-01,"Total",58055,30093,26992,3102,27961,51.8,46.5,10.3
2015,10,"Ekim","October",2015-10-01,"Total",58134,30033,26875,3158,28100,51.7,46.2,10.5
2015,11,"Kasım","November",2015-11-01,"Total",58215,29811,26781,3030,28404,51.2,46,10.2
2015,12,"Aralık","December",2015-12-01,"Total",58294,29377,26174,3204,28917,50.4,44.9,10.9
2016,1,"Ocak","January",2016-01-01,"Total",58368,29413,26026,3386,28955,50.4,44.6,11.5
2016,2,"Şubat","February",2016-02-01,"Total",58433,29521,26265,3256,28912,50.5,44.9,11
2016,3,"Mart","March",2016-03-01,"Total",58493,29783,26780,3003,28711,50.9,45.8,10.1
2016,4,"Nisan","April",2016-04-01,"Total",58558,30467,27684,2783,28091,52,47.3,9.1
2016,5,"Mayıs","May",2016-05-01,"Total",58621,30749,27991,2758,27872,52.5,47.7,9
2016,6,"Haziran","June",2016-06-01,"Total",58686,30768,27653,3115,27918,52.4,47.1,10.1
2016,7,"Temmuz","July",2016-07-01,"Total",58756,30663,27276,3387,28093,52.2,46.4,11
2016,8,"Ağustos","August",2016-08-01,"Total",58835,31275,27822,3453,27560,53.2,47.3,11
2016,9,"Eylül","September",2016-09-01,"Total",58914,30653,27028,3624,28261,52,45.9,11.8
2016,10,"Ekim","October",2016-10-01,"Total",58990,31018,27330,3688,27972,52.6,46.3,11.9
2016,11,"Kasım","November",2016-11-01,"Total",59069,30815,27245,3569,28254,52.2,46.1,11.6
2016,12,"Aralık","December",2016-12-01,"Total",59146,30271,26411,3860,28875,51.2,44.7,12.8
2017,1,"Ocak","January",2017-01-01,"Total",59493,30311,26212,4098,29182,50.9,44.1,13.5
2017,2,"Şubat","February",2017-02-01,"Total",59567,30874,26902,3972,28693,51.8,45.2,12.9
2017,3,"Mart","March",2017-03-01,"Total",59634,30960,27332,3628,28675,51.9,45.8,11.7
2017,4,"Nisan","April",2017-04-01,"Total",59709,31218,27935,3283,28491,52.3,46.8,10.5
2017,5,"Mayıs","May",2017-05-01,"Total",59781,31794,28700,3094,27987,53.2,48,9.7
2017,6,"Haziran","June",2017-06-01,"Total",59855,31709,28399,3310,28146,53,47.4,10.4
2017,7,"Temmuz","July",2017-07-01,"Total",59928,31970,28569,3401,27958,53.3,47.7,10.6
2017,8,"Ağustos","August",2017-08-01,"Total",60002,32244,28838,3406,27758,53.7,48.1,10.6
2017,9,"Eylül","September",2017-09-01,"Total",60077,31977,28652,3326,28099,53.2,47.7,10.4
2017,10,"Ekim","October",2017-10-01,"Total",60149,31977,28622,3355,28172,53.2,47.6,10.5
2017,11,"Kasım","November",2017-11-01,"Total",60223,31779,28598,3181,28444,52.8,47.5,10
2017,12,"Aralık","December",2017-12-01,"Total",60295,31373,28136,3238,28922,52,46.7,10.3
2018,1,"Ocak","January",2018-01-01,"Total",60360,31117,27691,3426,29243,51.6,45.9,11
2018,2,"Şubat","February",2018-02-01,"Total",60415,31349,27961,3388,29066,51.9,46.3,10.8
2018,3,"Mart","March",2018-03-01,"Total",60464,31886,28765,3121,28578,52.7,47.6,9.8
2018,4,"Nisan","April",2018-04-01,"Total",60519,31933,28950,2983,28586,52.8,47.8,9.3
2018,5,"Mayıs","May",2018-05-01,"Total",60571,32308,29266,3041,28264,53.3,48.3,9.4
2018,6,"Haziran","June",2018-06-01,"Total",60626,32454,29128,3326,28172,53.5,48,10.2
2018,7,"Temmuz","July",2018-07-01,"Total",60679,32995,29450,3544,27684,54.4,48.5,10.7
2018,8,"Ağustos","August",2018-08-01,"Total",60734,32807,29149,3658,27927,54,48,11.1
2018,9,"Eylül","September",2018-09-01,"Total",60788,32987,29215,3772,27801,54.3,48.1,11.4
2018,10,"Ekim","October",2018-10-01,"Total",60841,32441,28647,3795,28400,53.3,47.1,11.7
2018,11,"Kasım","November",2018-11-01,"Total",60896,32302,28438,3864,28594,53,46.7,12
2018,12,"Aralık","December",2018-12-01,"Total",60949,31863,27631,4232,29086,52.3,45.3,13.3
2019,1,"Ocak","January",2019-01-01,"Total",61017,31354,26605,4748,29664,51.4,43.6,15.1
2019,2,"Şubat","February",2019-02-01,"Total",61101,32134,27304,4830,28967,52.6,44.7,15
2019,3,"Mart","March",2019-03-01,"Total",61177,32620,28096,4524,28556,53.3,45.9,13.9
2019,4,"Nisan","April",2019-04-01,"Total",61261,32048,27929,4119,29213,52.3,45.6,12.9
2019,5,"Mayıs","May",2019-05-01,"Total",61342,32447,28392,4055,28895,52.9,46.3,12.5
2019,6,"Haziran","June",2019-06-01,"Total",61426,32710,28343,4367,28716,53.3,46.1,13.4
2019,7,"Temmuz","July",2019-07-01,"Total",61507,33322,28637,4685,28185,54.2,46.6,14.1
2019,8,"Ağustos","August",2019-08-01,"Total",61591,33095,28402,4693,28496,53.7,46.1,14.2
2019,9,"Eylül","September",2019-09-01,"Total",61675,33040,28406,4634,28635,53.6,46.1,14
2019,10,"Ekim","October",2019-10-01,"Total",61756,32767,28413,4354,28989,53.1,46,13.3
2019,11,"Kasım","November",2019-11-01,"Total",61840,32453,28254,4199,29387,52.5,45.7,12.9
2019,12,"Aralık","December",2019-12-01,"Total",61921,32077,27728,4349,29844,51.8,44.8,13.6
2020,1,"Ocak","January",2020-01-01,"Total",62015,31373,26953,4420,30642,50.6,43.5,14.1
2020,2,"Şubat","February",2020-02-01,"Total",62119,31320,27081,4239,30798,50.4,43.6,13.5
2020,3,"Mart","March",2020-03-01,"Total",62216,29967,26062,3905,32249,48.2,41.9,13
2020,4,"Nisan","April",2020-04-01,"Total",62321,28794,25096,3698,33526,46.2,40.3,12.8
2020,5,"Mayıs","May",2020-05-01,"Total",62421,29287,25595,3692,33134,46.9,41,12.6
2020,6,"Haziran","June",2020-06-01,"Total",62525,30896,26869,4028,31629,49.4,43,13
2020,7,"Temmuz","July",2020-07-01,"Total",62626,31528,26940,4588,31098,50.3,43,14.6
2020,8,"Ağustos","August",2020-08-01,"Total",62730,31600,27506,4094,31131,50.4,43.8,13
2020,9,"Eylül","September",2020-09-01,"Total",62834,31546,27645,3901,31289,50.2,44,12.4
2020,10,"Ekim","October",2020-10-01,"Total",62935,31422,27415,4007,31512,49.9,43.6,12.8
2020,11,"Kasım","November",2020-11-01,"Total",63039,30688,26728,3960,32351,48.7,42.4,12.9
2020,12,"Aralık","December",2020-12-01,"Total",63140,30271,26327,3944,32869,47.9,41.7,13
2021,1,"Ocak","January",2021-01-01,"Total",63236,31309,27115,4194,31927,49.5,42.9,13.4
2021,2,"Şubat","February",2021-02-01,"Total",63323,31595,27150,4445,31728,49.9,42.9,14.1
2021,3,"Mart","March",2021-03-01,"Total",63401,32100,27907,4193,31301,50.6,44,13.1
2021,4,"Nisan","April",2021-04-01,"Total",63488,32249,28083,4166,31239,50.8,44.2,12.9
2021,5,"Mayıs","May",2021-05-01,"Total",63572,31783,27841,3942,31789,50,43.8,12.4
2021,6,"Haziran","June",2021-06-01,"Total",63659,32607,29227,3380,31053,51.2,45.9,10.4
2021,7,"Temmuz","July",2021-07-01,"Total",63744,33209,29206,4003,30534,52.1,45.8,12.1
2021,8,"Ağustos","August",2021-08-01,"Total",63831,33500,29481,4019,30330,52.5,46.2,12
2021,9,"Eylül","September",2021-09-01,"Total",63918,33898,30144,3754,30020,53,47.2,11.1
2021,10,"Ekim","October",2021-10-01,"Total",64002,33840,30217,3623,30162,52.9,47.2,10.7
2021,11,"Kasım","November",2021-11-01,"Total",64089,33398,29746,3651,30691,52.1,46.4,10.9
2021,12,"Aralık","December",2021-12-01,"Total",64173,33298,29550,3749,30875,51.9,46,11.3
2022,1,"Ocak","January",2022-01-01,"Total",64256,33197,29186,4012,31058,51.7,45.4,12.1
2022,2,"Şubat","February",2022-02-01,"Total",64334,33265,29485,3781,31069,51.7,45.8,11.4
2022,3,"Mart","March",2022-03-01,"Total",64405,33380,29579,3800,31026,51.8,45.9,11.4
2022,4,"Nisan","April",2022-04-01,"Total",64484,33708,30120,3588,30776,52.3,46.7,10.6
2022,5,"Mayıs","May",2022-05-01,"Total",64560,34222,30769,3453,30338,53,47.7,10.1
2022,6,"Haziran","June",2022-06-01,"Total",64639,34773,31409,3364,29865,53.8,48.6,9.7
2022,7,"Temmuz","July",2022-07-01,"Total",64714,34359,30715,3644,30355,53.1,47.5,10.6
2022,8,"Ağustos","August",2022-08-01,"Total",64793,34759,31344,3415,30034,53.6,48.4,9.8
2022,9,"Eylül","September",2022-09-01,"Total",64871,34866,31422,3444,30005,53.7,48.4,9.9
2022,10,"Ekim","October",2022-10-01,"Total",64947,35054,31595,3458,29894,54,48.6,9.9
2022,11,"Kasım","November",2022-11-01,"Total",65026,35401,31897,3504,29625,54.4,49.1,9.9
2022,12,"Aralık","December",2022-12-01,"Total",65102,34811,31173,3637,30292,53.5,47.9,10.4
2023,1,"Ocak","January",2023-01-01,"Total",65166,34641,31058,3583,30524,53.2,47.7,10.3
2023,2,"Şubat","February",2023-02-01,"Total",65214,34401,30752,3649,30813,52.8,47.2,10.6
2023,3,"Mart","March",2023-03-01,"Total",65257,34283,30755,3528,30974,52.5,47.1,10.3
2023,4,"Nisan","April",2023-04-01,"Total",65305,34466,31026,3440,30840,52.8,47.5,10
2023,5,"Mayıs","May",2023-05-01,"Total",65352,34880,31821,3059,30472,53.4,48.7,8.8
2023,6,"Haziran","June",2023-06-01,"Total",65400,34809,31674,3135,30591,53.2,48.4,9
2023,7,"Temmuz","July",2023-07-01,"Total",65446,35310,31873,3437,30137,54,48.7,9.7
2023,8,"Ağustos","August",2023-08-01,"Total",65494,35316,32071,3245,30178,53.9,49,9.2
2023,9,"Eylül","September",2023-09-01,"Total",65542,35321,32185,3135,30222,53.9,49.1,8.9
2023,10,"Ekim","October",2023-10-01,"Total",65589,34851,31985,2865,30738,53.1,48.8,8.2
2023,11,"Kasım","November",2023-11-01,"Total",65637,35036,31961,3075,30601,53.4,48.7,8.8
2023,12,"Aralık","December",2023-12-01,"Total",65683,35259,32113,3146,30424,53.7,48.9,8.9
2024,1,"Ocak","January",2024-01-01,"Total",65726,34930,31523,3407,30796,53.1,48,9.8
2024,2,"Şubat","February",2024-02-01,"Total",65763,35513,32263,3250,30250,54,49.1,9.2
2024,3,"Mart","March",2024-03-01,"Total",65799,35361,32252,3109,30438,53.7,49,8.8
2024,4,"Nisan","April",2024-04-01,"Total",65834,35244,32266,2978,30590,53.5,49,8.5
2024,5,"Mayıs","May",2024-05-01,"Total",65870,36004,33233,2771,29866,54.7,50.5,7.7
2024,6,"Haziran","June",2024-06-01,"Total",65906,35782,32591,3191,30124,54.3,49.4,8.9
2024,7,"Temmuz","July",2024-07-01,"Total",65942,36102,32748,3354,29840,54.7,49.7,9.3
2024,8,"Ağustos","August",2024-08-01,"Total",65979,36251,33164,3087,29728,54.9,50.3,8.5
2024,9,"Eylül","September",2024-09-01,"Total",66016,36165,33067,3099,29851,54.8,50.1,8.6
2024,10,"Ekim","October",2024-10-01,"Total",66051,35994,32930,3065,30057,54.5,49.9,8.5
2024,11,"Kasım","November",2024-11-01,"Total",66088,35863,32848,3015,30225,54.3,49.7,8.4
2024,12,"Aralık","December",2024-12-01,"Total",66124,35245,32197,3049,30878,53.3,48.7,8.7
2025,1,"Ocak","January",2025-01-01,"Total",66163,35166,32004,3162,30997,53.1,48.4,9
2025,2,"Şubat","February",2025-02-01,"Total",66206,34795,31772,3023,31410,52.6,48,8.7
2025,3,"Mart","March",2025-03-01,"Total",66245,34804,32010,2795,31440,52.5,48.3,8
2025,4,"Nisan","April",2025-04-01,"Total",66288,35228,32223,3005,31060,53.1,48.6,8.5
2025,5,"Mayıs","May",2025-05-01,"Total",66330,35653,32944,2709,30677,53.8,49.7,7.6
2025,6,"Haziran","June",2025-06-01,"Total",66373,35728,32703,3026,30644,53.8,49.3,8.5
2025,7,"Temmuz","July",2025-07-01,"Total",66414,36067,33088,2980,30347,54.3,49.8,8.3
2025,8,"Ağustos","August",2025-08-01,"Total",66458,36526,33420,3106,29931,55,50.3,8.5
2025,9,"Eylül","September",2025-09-01,"Total",66501,35787,32697,3089,30714,53.8,49.2,8.6
2025,10,"Ekim","October",2025-10-01,"Total",66543,36127,33162,2965,30415,54.3,49.8,8.2
2025,11,"Kasım","November",2025-11-01,"Total",66586,35835,32747,3088,30751,53.8,49.2,8.6
2025,12,"Aralık","December",2025-12-01,"Total",66627,34761,32062,2699,31867,52.2,48.1,7.8
2026,1,"Ocak","January",2026-01-01,"Total",66680,34127,31184,2943,32552,51.2,46.8,8.6
2026,2,"Şubat","February",2026-02-01,"Total",66742,34596,31479,3117,32146,51.8,47.2,9
2005,1,"Ocak","January",2005-01-01,"Male",23497,15561,13876,1685,7936,66.2,59.1,10.8
2005,2,"Şubat","February",2005-02-01,"Male",23537,15244,13646,1598,8293,64.8,58,10.5
2005,3,"Mart","March",2005-03-01,"Male",23572,15697,14079,1618,7875,66.6,59.7,10.3
2005,4,"Nisan","April",2005-04-01,"Male",23612,16097,14557,1540,7515,68.2,61.7,9.6
2005,5,"Mayıs","May",2005-05-01,"Male",23651,16071,14693,1378,7580,68,62.1,8.6
2005,6,"Haziran","June",2005-06-01,"Male",23691,16372,15038,1334,7319,69.1,63.5,8.1
2005,7,"Temmuz","July",2005-07-01,"Male",23729,16422,14959,1464,7307,69.2,63,8.9
2005,8,"Ağustos","August",2005-08-01,"Male",23769,16552,15183,1369,7217,69.6,63.9,8.3
2005,9,"Eylül","September",2005-09-01,"Male",23809,16459,15111,1348,7350,69.1,63.5,8.2
2005,10,"Ekim","October",2005-10-01,"Male",23847,16223,14701,1522,7624,68,61.6,9.4
2005,11,"Kasım","November",2005-11-01,"Male",23887,16188,14726,1462,7699,67.8,61.6,9
2005,12,"Aralık","December",2005-12-01,"Male",23926,16049,14433,1616,7877,67.1,60.3,10.1
2006,1,"Ocak","January",2006-01-01,"Male",23967,15678,13885,1793,8288,65.4,57.9,11.4
2006,2,"Şubat","February",2006-02-01,"Male",24005,15531,13863,1668,8474,64.7,57.7,10.7
2006,3,"Mart","March",2006-03-01,"Male",24042,15797,14180,1617,8244,65.7,59,10.2
2006,4,"Nisan","April",2006-04-01,"Male",24083,16169,14739,1430,7914,67.1,61.2,8.8
2006,5,"Mayıs","May",2006-05-01,"Male",24121,16234,14946,1288,7887,67.3,62,7.9
2006,6,"Haziran","June",2006-06-01,"Male",24161,16393,15236,1158,7768,67.9,63.1,7.1
2006,7,"Temmuz","July",2006-07-01,"Male",24200,16598,15210,1387,7602,68.6,62.9,8.4
2006,8,"Ağustos","August",2006-08-01,"Male",24239,16615,15343,1272,7624,68.5,63.3,7.7
2006,9,"Eylül","September",2006-09-01,"Male",24279,16614,15344,1271,7665,68.4,63.2,7.6
2006,10,"Ekim","October",2006-10-01,"Male",24318,16414,15037,1377,7904,67.5,61.8,8.4
2006,11,"Kasım","November",2006-11-01,"Male",24358,16421,15189,1232,7937,67.4,62.4,7.5
2006,12,"Aralık","December",2006-12-01,"Male",24397,16374,14947,1427,8023,67.1,61.3,8.7
2007,1,"Ocak","January",2007-01-01,"Male",24436,15983,14261,1722,8453,65.4,58.4,10.8
2007,2,"Şubat","February",2007-02-01,"Male",24475,15811,14302,1509,8664,64.6,58.4,9.5
2007,3,"Mart","March",2007-03-01,"Male",24509,16103,14565,1538,8406,65.7,59.4,9.5
2007,4,"Nisan","April",2007-04-01,"Male",24548,16457,14899,1558,8090,67,60.7,9.5
2007,5,"Mayıs","May",2007-05-01,"Male",24585,16582,15327,1255,8003,67.4,62.3,7.6
2007,6,"Haziran","June",2007-06-01,"Male",24623,16755,15528,1227,7868,68,63.1,7.3
2007,7,"Temmuz","July",2007-07-01,"Male",24661,17079,15570,1508,7582,69.3,63.1,8.8
2007,8,"Ağustos","August",2007-08-01,"Male",24699,16996,15716,1280,7703,68.8,63.6,7.5
2007,9,"Eylül","September",2007-09-01,"Male",24738,16842,15462,1380,7896,68.1,62.5,8.2
2007,10,"Ekim","October",2007-10-01,"Male",24776,16842,15320,1522,7933,68,61.8,9
2007,11,"Kasım","November",2007-11-01,"Male",24814,16552,15087,1465,8261,66.7,60.8,8.9
2007,12,"Aralık","December",2007-12-01,"Male",24851,16366,14785,1580,8485,65.9,59.5,9.7
2008,1,"Ocak","January",2008-01-01,"Male",24887,16422,14649,1772,8465,66,58.9,10.8
2008,2,"Şubat","February",2008-02-01,"Male",24920,16066,14363,1703,8854,64.5,57.6,10.6
2008,3,"Mart","March",2008-03-01,"Male",24951,16492,14758,1734,8459,66.1,59.1,10.5
2008,4,"Nisan","April",2008-04-01,"Male",24984,16869,15434,1435,8115,67.5,61.8,8.5
2008,5,"Mayıs","May",2008-05-01,"Male",25017,16810,15498,1312,8207,67.2,62,7.8
2008,6,"Haziran","June",2008-06-01,"Male",25050,17193,15728,1465,7856,68.6,62.8,8.5
2008,7,"Temmuz","July",2008-07-01,"Male",25082,17551,16019,1531,7531,70,63.9,8.7
2008,8,"Ağustos","August",2008-08-01,"Male",25115,17152,15645,1508,7963,68.3,62.3,8.8
2008,9,"Eylül","September",2008-09-01,"Male",25148,17131,15546,1585,8018,68.1,61.8,9.3
2008,10,"Ekim","October",2008-10-01,"Male",25181,17357,15621,1737,7823,68.9,62,10
2008,11,"Kasım","November",2008-11-01,"Male",25214,16857,15094,1763,8357,66.9,59.9,10.5
2008,12,"Aralık","December",2008-12-01,"Male",25246,16944,14638,2306,8302,67.1,58,13.6
2009,1,"Ocak","January",2009-01-01,"Male",25292,16838,14433,2405,8453,66.6,57.1,14.3
2009,2,"Şubat","February",2009-02-01,"Male",25330,16638,14135,2503,8692,65.7,55.8,15
2009,3,"Mart","March",2009-03-01,"Male",25371,16862,14347,2515,8509,66.5,56.5,14.9
2009,4,"Nisan","April",2009-04-01,"Male",25416,17069,14764,2304,8348,67.2,58.1,13.5
2009,5,"Mayıs","May",2009-05-01,"Male",25460,17244,15071,2174,8216,67.7,59.2,12.6
2009,6,"Haziran","June",2009-06-01,"Male",25506,17485,15410,2075,8021,68.6,60.4,11.9
2009,7,"Temmuz","July",2009-07-01,"Male",25550,17738,15663,2075,7812,69.4,61.3,11.7
2009,8,"Ağustos","August",2009-08-01,"Male",25595,17688,15574,2114,7907,69.1,60.8,12
2009,9,"Eylül","September",2009-09-01,"Male",25640,17747,15453,2295,7893,69.2,60.3,12.9
2009,10,"Ekim","October",2009-10-01,"Male",25685,17496,15507,1989,8188,68.1,60.4,11.4
2009,11,"Kasım","November",2009-11-01,"Male",25731,17471,15371,2100,8259,67.9,59.7,12
2009,12,"Aralık","December",2009-12-01,"Male",25774,17560,15198,2362,8214,68.1,59,13.4
2010,1,"Ocak","January",2010-01-01,"Male",25822,17238,14932,2306,8583,66.8,57.8,13.4
2010,2,"Şubat","February",2010-02-01,"Male",25871,17318,14861,2457,8553,66.9,57.4,14.2
2010,3,"Mart","March",2010-03-01,"Male",25910,17610,15401,2209,8301,68,59.4,12.5
2010,4,"Nisan","April",2010-04-01,"Male",25965,17718,15807,1912,8247,68.2,60.9,10.8
2010,5,"Mayıs","May",2010-05-01,"Male",26013,17788,16024,1764,8224,68.4,61.6,9.9
2010,6,"Haziran","June",2010-06-01,"Male",26062,18042,16327,1715,8020,69.2,62.6,9.5
2010,7,"Temmuz","July",2010-07-01,"Male",26110,18227,16484,1743,7882,69.8,63.1,9.6
2010,8,"Ağustos","August",2010-08-01,"Male",26159,17941,16237,1704,8218,68.6,62.1,9.5
2010,9,"Eylül","September",2010-09-01,"Male",26208,18006,16071,1935,8202,68.7,61.3,10.7
2010,10,"Ekim","October",2010-10-01,"Male",26256,17844,16181,1663,8411,68,61.6,9.3
2010,11,"Kasım","November",2010-11-01,"Male",26305,17800,16172,1628,8506,67.7,61.5,9.1
2010,12,"Aralık","December",2010-12-01,"Male",26353,17808,15945,1863,8545,67.6,60.5,10.5
2011,1,"Ocak","January",2011-01-01,"Male",26399,17871,15966,1905,8527,67.7,60.5,10.7
2011,2,"Şubat","February",2011-02-01,"Male",26441,17788,15917,1871,8653,67.3,60.2,10.5
2011,3,"Mart","March",2011-03-01,"Male",26479,17923,16217,1706,8556,67.7,61.2,9.5
2011,4,"Nisan","April",2011-04-01,"Male",26521,18393,16774,1620,8128,69.4,63.2,8.8
2011,5,"Mayıs","May",2011-05-01,"Male",26561,18309,16840,1470,8252,68.9,63.4,8
2011,6,"Haziran","June",2011-06-01,"Male",26604,18458,17019,1439,8146,69.4,64,7.8
2011,7,"Temmuz","July",2011-07-01,"Male",26644,18944,17525,1418,7701,71.1,65.8,7.5
2011,8,"Ağustos","August",2011-08-01,"Male",26686,18560,17188,1373,8126,69.6,64.4,7.4
2011,9,"Eylül","September",2011-09-01,"Male",26728,18532,17085,1447,8196,69.3,63.9,7.8
2011,10,"Ekim","October",2011-10-01,"Male",26769,18429,17194,1235,8340,68.8,64.2,6.7
2011,11,"Kasım","November",2011-11-01,"Male",26811,18327,16814,1513,8484,68.4,62.7,8.3
2011,12,"Aralık","December",2011-12-01,"Male",26852,18075,16569,1506,8777,67.3,61.7,8.3
2012,1,"Ocak","January",2012-01-01,"Male",26892,17824,16231,1593,9068,66.3,60.4,8.9
2012,2,"Şubat","February",2012-02-01,"Male",26930,17657,15887,1771,9273,65.6,59,10
2012,3,"Mart","March",2012-03-01,"Male",26966,17948,16375,1573,9018,66.6,60.7,8.8
2012,4,"Nisan","April",2012-04-01,"Male",27004,18396,17034,1363,8607,68.1,63.1,7.4
2012,5,"Mayıs","May",2012-05-01,"Male",27040,18561,17220,1342,8479,68.6,63.7,7.2
2012,6,"Haziran","June",2012-06-01,"Male",27078,18663,17432,1231,8415,68.9,64.4,6.6
2012,7,"Temmuz","July",2012-07-01,"Male",27115,18753,17578,1175,8362,69.2,64.8,6.3
2012,8,"Ağustos","August",2012-08-01,"Male",27153,18758,17357,1401,8396,69.1,63.9,7.5
2012,9,"Eylül","September",2012-09-01,"Male",27191,18735,17344,1391,8456,68.9,63.8,7.4
2012,10,"Ekim","October",2012-10-01,"Male",27228,18848,17562,1286,8380,69.2,64.5,6.8
2012,11,"Kasım","November",2012-11-01,"Male",27266,18805,17357,1448,8461,69,63.7,7.7
2012,12,"Aralık","December",2012-12-01,"Male",27303,18675,17062,1613,8628,68.4,62.5,8.6
2013,1,"Ocak","January",2013-01-01,"Male",27347,18469,16811,1658,8879,67.5,61.5,9
2013,2,"Şubat","February",2013-02-01,"Male",27398,18371,16644,1727,9027,67.1,60.7,9.4
2013,3,"Mart","March",2013-03-01,"Male",27445,18571,16978,1593,8873,67.7,61.9,8.6
2013,4,"Nisan","April",2013-04-01,"Male",27496,18993,17466,1527,8503,69.1,63.5,8
2013,5,"Mayıs","May",2013-05-01,"Male",27545,19085,17688,1396,8461,69.3,64.2,7.3
2013,6,"Haziran","June",2013-06-01,"Male",27596,19098,17811,1287,8498,69.2,64.5,6.7
2013,7,"Temmuz","July",2013-07-01,"Male",27646,19331,17869,1462,8315,69.9,64.6,7.6
2013,8,"Ağustos","August",2013-08-01,"Male",27697,19379,17767,1612,8318,70,64.1,8.3
2013,9,"Eylül","September",2013-09-01,"Male",27748,19167,17719,1448,8581,69.1,63.9,7.6
2013,10,"Ekim","October",2013-10-01,"Male",27798,19138,17665,1472,8660,68.8,63.5,7.7
2013,11,"Kasım","November",2013-11-01,"Male",27849,19042,17489,1553,8807,68.4,62.8,8.2
2013,12,"Aralık","December",2013-12-01,"Male",27898,18922,17336,1586,8976,67.8,62.1,8.4
2014,1,"Ocak","January",2014-01-01,"Male",27943,19328,17355,1973,8616,69.2,62.1,10.2
2014,2,"Şubat","February",2014-02-01,"Male",27981,19396,17493,1904,8585,69.3,62.5,9.8
2014,3,"Mart","March",2014-03-01,"Male",28015,19732,17992,1740,8283,70.4,64.2,8.8
2014,4,"Nisan","April",2014-04-01,"Male",28053,19906,18291,1615,8147,71,65.2,8.1
2014,5,"Mayıs","May",2014-05-01,"Male",28089,19861,18343,1518,8228,70.7,65.3,7.6
2014,6,"Haziran","June",2014-06-01,"Male",28127,20657,18964,1693,7469,73.4,67.4,8.2
2014,7,"Temmuz","July",2014-07-01,"Male",28163,20279,18473,1806,7884,72,65.6,8.9
2014,8,"Ağustos","August",2014-08-01,"Male",28201,20009,18222,1787,8192,71,64.6,8.9
2014,9,"Eylül","September",2014-09-01,"Male",28239,20543,18749,1794,7695,72.7,66.4,8.7
2014,10,"Ekim","October",2014-10-01,"Male",28275,20029,18130,1899,8246,70.8,64.1,9.5
2014,11,"Kasım","November",2014-11-01,"Male",28312,20000,18106,1895,8312,70.6,64,9.5
2014,12,"Aralık","December",2014-12-01,"Male",28349,20069,18054,2016,8280,70.8,63.7,10
2015,1,"Ocak","January",2015-01-01,"Male",28385,19956,17675,2281,8429,70.3,62.3,11.4
2015,2,"Şubat","February",2015-02-01,"Male",28420,19902,17754,2149,8518,70,62.5,10.8
2015,3,"Mart","March",2015-03-01,"Male",28452,20072,18158,1914,8380,70.5,63.8,9.5
2015,4,"Nisan","April",2015-04-01,"Male",28487,20212,18488,1724,8275,71,64.9,8.5
2015,5,"Mayıs","May",2015-05-01,"Male",28521,20236,18624,1612,8285,71,65.3,8
2015,6,"Haziran","June",2015-06-01,"Male",28556,20788,19013,1775,7768,72.8,66.6,8.5
2015,7,"Temmuz","July",2015-07-01,"Male",28592,20745,18912,1833,7847,72.6,66.1,8.8
2015,8,"Ağustos","August",2015-08-01,"Male",28632,20792,19000,1792,7840,72.6,66.4,8.6
2015,9,"Eylül","September",2015-09-01,"Male",28672,20643,18817,1826,8029,72,65.6,8.8
2015,10,"Ekim","October",2015-10-01,"Male",28711,20655,18742,1913,8056,71.9,65.3,9.3
2015,11,"Kasım","November",2015-11-01,"Male",28751,20477,18596,1882,8274,71.2,64.7,9.2
2015,12,"Aralık","December",2015-12-01,"Male",28790,20172,18167,2005,8618,70.1,63.1,9.9
2016,1,"Ocak","January",2016-01-01,"Male",28829,20473,18244,2228,8356,71,63.3,10.9
2016,2,"Şubat","February",2016-02-01,"Male",28866,20313,18236,2076,8554,70.4,63.2,10.2
2016,3,"Mart","March",2016-03-01,"Male",28902,20436,18553,1883,8466,70.7,64.2,9.2
2016,4,"Nisan","April",2016-04-01,"Male",28939,21073,19288,1785,7866,72.8,66.7,8.5
2016,5,"Mayıs","May",2016-05-01,"Male",28975,20844,19150,1695,8131,71.9,66.1,8.1
2016,6,"Haziran","June",2016-06-01,"Male",29013,20985,19050,1935,8027,72.3,65.7,9.2
2016,7,"Temmuz","July",2016-07-01,"Male",29049,20962,18935,2027,8087,72.2,65.2,9.7
2016,8,"Ağustos","August",2016-08-01,"Male",29088,21342,19359,1983,7746,73.4,66.6,9.3
2016,9,"Eylül","September",2016-09-01,"Male",29127,20768,18748,2020,8359,71.3,64.4,9.7
2016,10,"Ekim","October",2016-10-01,"Male",29165,21011,18931,2080,8154,72,64.9,9.9
2016,11,"Kasım","November",2016-11-01,"Male",29203,21050,18989,2060,8153,72.1,65,9.8
2016,12,"Aralık","December",2016-12-01,"Male",29241,20745,18393,2352,8497,70.9,62.9,11.3
2017,1,"Ocak","January",2017-01-01,"Male",29437,20852,18155,2697,8585,70.8,61.7,12.9
2017,2,"Şubat","February",2017-02-01,"Male",29476,21131,18639,2491,8345,71.7,63.2,11.8
2017,3,"Mart","March",2017-03-01,"Male",29512,21132,18860,2272,8380,71.6,63.9,10.7
2017,4,"Nisan","April",2017-04-01,"Male",29552,21222,19221,2001,8329,71.8,65,9.4
2017,5,"Mayıs","May",2017-05-01,"Male",29590,21556,19753,1802,8034,72.8,66.8,8.4
2017,6,"Haziran","June",2017-06-01,"Male",29629,21453,19514,1939,8176,72.4,65.9,9
2017,7,"Temmuz","July",2017-07-01,"Male",29668,21762,19816,1946,7906,73.4,66.8,8.9
2017,8,"Ağustos","August",2017-08-01,"Male",29707,21888,20074,1814,7819,73.7,67.6,8.3
2017,9,"Eylül","September",2017-09-01,"Male",29747,21571,19773,1799,8176,72.5,66.5,8.3
2017,10,"Ekim","October",2017-10-01,"Male",29785,21503,19617,1886,8282,72.2,65.9,8.8
2017,11,"Kasım","November",2017-11-01,"Male",29825,21525,19680,1845,8300,72.2,66,8.6
2017,12,"Aralık","December",2017-12-01,"Male",29863,21267,19322,1944,8596,71.2,64.7,9.1
2018,1,"Ocak","January",2018-01-01,"Male",29893,21166,19057,2109,8727,70.8,63.8,10
2018,2,"Şubat","February",2018-02-01,"Male",29915,21193,19203,1990,8722,70.8,64.2,9.4
2018,3,"Mart","March",2018-03-01,"Male",29934,21616,19783,1834,8317,72.2,66.1,8.5
2018,4,"Nisan","April",2018-04-01,"Male",29955,21577,19811,1766,8378,72,66.1,8.2
2018,5,"Mayıs","May",2018-05-01,"Male",29976,21715,19960,1755,8261,72.4,66.6,8.1
2018,6,"Haziran","June",2018-06-01,"Male",29997,21867,19896,1972,8129,72.9,66.3,9
2018,7,"Temmuz","July",2018-07-01,"Male",30017,22395,20360,2036,7622,74.6,67.8,9.1
2018,8,"Ağustos","August",2018-08-01,"Male",30038,22170,20124,2047,7868,73.8,67,9.2
2018,9,"Eylül","September",2018-09-01,"Male",30060,22110,20006,2104,7950,73.6,66.6,9.5
2018,10,"Ekim","October",2018-10-01,"Male",30080,21831,19559,2272,8249,72.6,65,10.4
2018,11,"Kasım","November",2018-11-01,"Male",30101,21843,19474,2368,8259,72.6,64.7,10.8
2018,12,"Aralık","December",2018-12-01,"Male",30122,21544,18851,2693,8578,71.5,62.6,12.5
2019,1,"Ocak","January",2019-01-01,"Male",30152,21091,18018,3073,9061,69.9,59.8,14.6
2019,2,"Şubat","February",2019-02-01,"Male",30193,21592,18590,3002,8601,71.5,61.6,13.9
2019,3,"Mart","March",2019-03-01,"Male",30230,21931,19143,2788,8299,72.5,63.3,12.7
2019,4,"Nisan","April",2019-04-01,"Male",30271,21418,18851,2567,8853,70.8,62.3,12
2019,5,"Mayıs","May",2019-05-01,"Male",30311,21729,19249,2480,8581,71.7,63.5,11.4
2019,6,"Haziran","June",2019-06-01,"Male",30351,21999,19275,2724,8352,72.5,63.5,12.4
2019,7,"Temmuz","July",2019-07-01,"Male",30391,22413,19574,2839,7978,73.7,64.4,12.7
2019,8,"Ağustos","August",2019-08-01,"Male",30431,22210,19445,2766,8221,73,63.9,12.5
2019,9,"Eylül","September",2019-09-01,"Male",30473,22025,19376,2649,8447,72.3,63.6,12
2019,10,"Ekim","October",2019-10-01,"Male",30512,21950,19360,2590,8562,71.9,63.5,11.8
2019,11,"Kasım","November",2019-11-01,"Male",30552,21774,19330,2444,8778,71.3,63.3,11.2
2019,12,"Aralık","December",2019-12-01,"Male",30592,21844,19193,2651,8749,71.4,62.7,12.1
2020,1,"Ocak","January",2020-01-01,"Male",30641,21298,18533,2765,9343,69.5,60.5,13
2020,2,"Şubat","February",2020-02-01,"Male",30699,21200,18491,2709,9499,69.1,60.2,12.8
2020,3,"Mart","March",2020-03-01,"Male",30754,20681,18120,2562,10073,67.2,58.9,12.4
2020,4,"Nisan","April",2020-04-01,"Male",30812,19718,17156,2562,11093,64,55.7,13
2020,5,"Mayıs","May",2020-05-01,"Male",30868,19966,17444,2521,10902,64.7,56.5,12.6
2020,6,"Haziran","June",2020-06-01,"Male",30926,21095,18491,2604,9831,68.2,59.8,12.3
2020,7,"Temmuz","July",2020-07-01,"Male",30982,21487,18531,2956,9496,69.4,59.8,13.8
2020,8,"Ağustos","August",2020-08-01,"Male",31040,21447,18948,2498,9594,69.1,61,11.6
2020,9,"Eylül","September",2020-09-01,"Male",31099,21467,19133,2333,9632,69,61.5,10.9
2020,10,"Ekim","October",2020-10-01,"Male",31155,21542,19048,2495,9613,69.1,61.1,11.6
2020,11,"Kasım","November",2020-11-01,"Male",31213,21134,18573,2561,10079,67.7,59.5,12.1
2020,12,"Aralık","December",2020-12-01,"Male",31269,20832,18227,2605,10437,66.6,58.3,12.5
2021,1,"Ocak","January",2021-01-01,"Male",31318,21551,18796,2755,9767,68.8,60,12.8
2021,2,"Şubat","February",2021-02-01,"Male",31358,21481,18666,2815,9877,68.5,59.5,13.1
2021,3,"Mart","March",2021-03-01,"Male",31394,22044,19444,2600,9350,70.2,61.9,11.8
2021,4,"Nisan","April",2021-04-01,"Male",31434,21865,19163,2701,9569,69.6,61,12.4
2021,5,"Mayıs","May",2021-05-01,"Male",31472,21722,19156,2566,9750,69,60.9,11.8
2021,6,"Haziran","June",2021-06-01,"Male",31512,22220,20218,2002,9292,70.5,64.2,9
2021,7,"Temmuz","July",2021-07-01,"Male",31551,22273,19890,2383,9278,70.6,63,10.7
2021,8,"Ağustos","August",2021-08-01,"Male",31591,22611,20325,2286,8979,71.6,64.3,10.1
2021,9,"Eylül","September",2021-09-01,"Male",31631,22703,20671,2032,8928,71.8,65.3,8.9
2021,10,"Ekim","October",2021-10-01,"Male",31669,22659,20609,2049,9011,71.5,65.1,9
2021,11,"Kasım","November",2021-11-01,"Male",31709,22426,20360,2065,9283,70.7,64.2,9.2
2021,12,"Aralık","December",2021-12-01,"Male",31748,22402,20148,2254,9345,70.6,63.5,10.1
2022,1,"Ocak","January",2022-01-01,"Male",31787,22277,19774,2504,9510,70.1,62.2,11.2
2022,2,"Şubat","February",2022-02-01,"Male",31828,22292,20066,2226,9536,70,63,10
2022,3,"Mart","March",2022-03-01,"Male",31865,22536,20236,2300,9329,70.7,63.5,10.2
2022,4,"Nisan","April",2022-04-01,"Male",31905,22500,20385,2115,9405,70.5,63.9,9.4
2022,5,"Mayıs","May",2022-05-01,"Male",31944,22770,20712,2057,9175,71.3,64.8,9
2022,6,"Haziran","June",2022-06-01,"Male",31985,23261,21392,1869,8724,72.7,66.9,8
2022,7,"Temmuz","July",2022-07-01,"Male",32024,22941,20866,2075,9082,71.6,65.2,9
2022,8,"Ağustos","August",2022-08-01,"Male",32064,23119,21261,1858,8946,72.1,66.3,8
2022,9,"Eylül","September",2022-09-01,"Male",32105,23092,21248,1844,9013,71.9,66.2,8
2022,10,"Ekim","October",2022-10-01,"Male",32144,23175,21313,1861,8969,72.1,66.3,8
2022,11,"Kasım","November",2022-11-01,"Male",32185,23274,21312,1962,8910,72.3,66.2,8.4
2022,12,"Aralık","December",2022-12-01,"Male",32224,23073,21147,1926,9150,71.6,65.6,8.3
2023,1,"Ocak","January",2023-01-01,"Male",32256,23046,21075,1971,9209,71.4,65.3,8.6
2023,2,"Şubat","February",2023-02-01,"Male",32279,22673,20574,2099,9607,70.2,63.7,9.3
2023,3,"Mart","March",2023-03-01,"Male",32301,22824,20880,1944,9477,70.7,64.6,8.5
2023,4,"Nisan","April",2023-04-01,"Male",32324,22644,20789,1856,9680,70.1,64.3,8.2
2023,5,"Mayıs","May",2023-05-01,"Male",32347,23065,21373,1692,9281,71.3,66.1,7.3
2023,6,"Haziran","June",2023-06-01,"Male",32370,23072,21401,1671,9298,71.3,66.1,7.2
2023,7,"Temmuz","July",2023-07-01,"Male",32393,23279,21436,1843,9114,71.9,66.2,7.9
2023,8,"Ağustos","August",2023-08-01,"Male",32416,23299,21634,1665,9117,71.9,66.7,7.1
2023,9,"Eylül","September",2023-09-01,"Male",32440,23374,21772,1601,9066,72.1,67.1,6.9
2023,10,"Ekim","October",2023-10-01,"Male",32463,22848,21324,1524,9614,70.4,65.7,6.7
2023,11,"Kasım","November",2023-11-01,"Male",32486,23119,21409,1710,9367,71.2,65.9,7.4
2023,12,"Aralık","December",2023-12-01,"Male",32509,23366,21687,1679,9143,71.9,66.7,7.2
2024,1,"Ocak","January",2024-01-01,"Male",32529,22952,20967,1985,9577,70.6,64.5,8.6
2024,2,"Şubat","February",2024-02-01,"Male",32547,23413,21555,1858,9134,71.9,66.2,7.9
2024,3,"Mart","March",2024-03-01,"Male",32564,23262,21628,1633,9303,71.4,66.4,7
2024,4,"Nisan","April",2024-04-01,"Male",32580,23220,21526,1694,9360,71.3,66.1,7.3
2024,5,"Mayıs","May",2024-05-01,"Male",32597,23652,22083,1569,8945,72.6,67.7,6.6
2024,6,"Haziran","June",2024-06-01,"Male",32615,23628,21911,1717,8986,72.4,67.2,7.3
2024,7,"Temmuz","July",2024-07-01,"Male",32631,23730,22005,1725,8901,72.7,67.4,7.3
2024,8,"Ağustos","August",2024-08-01,"Male",32649,23805,22208,1597,8843,72.9,68,6.7
2024,9,"Eylül","September",2024-09-01,"Male",32666,23678,22215,1463,8988,72.5,68,6.2
2024,10,"Ekim","October",2024-10-01,"Male",32683,23368,21838,1530,9315,71.5,66.8,6.5
2024,11,"Kasım","November",2024-11-01,"Male",32700,23548,21927,1621,9152,72,67.1,6.9
2024,12,"Aralık","December",2024-12-01,"Male",32717,23287,21645,1642,9430,71.2,66.2,7
2025,1,"Ocak","January",2025-01-01,"Male",32735,23038,21370,1668,9697,70.4,65.3,7.2
2025,2,"Şubat","February",2025-02-01,"Male",32754,22970,21248,1723,9784,70.1,64.9,7.5
2025,3,"Mart","March",2025-03-01,"Male",32772,23144,21600,1544,9628,70.6,65.9,6.7
2025,4,"Nisan","April",2025-04-01,"Male",32791,23101,21403,1697,9691,70.4,65.3,7.3
2025,5,"Mayıs","May",2025-05-01,"Male",32810,23416,21987,1429,9394,71.4,67,6.1
2025,6,"Haziran","June",2025-06-01,"Male",32830,23669,21991,1678,9161,72.1,67,7.1
2025,7,"Temmuz","July",2025-07-01,"Male",32849,23616,22063,1553,9232,71.9,67.2,6.6
2025,8,"Ağustos","August",2025-08-01,"Male",32868,23849,22285,1564,9019,72.6,67.8,6.6
2025,9,"Eylül","September",2025-09-01,"Male",32888,23717,22081,1636,9171,72.1,67.1,6.9
2025,10,"Ekim","October",2025-10-01,"Male",32907,23541,21991,1549,9366,71.5,66.8,6.6
2025,11,"Kasım","November",2025-11-01,"Male",32926,23563,21893,1670,9363,71.6,66.5,7.1
2025,12,"Aralık","December",2025-12-01,"Male",32945,23284,21828,1456,9661,70.7,66.3,6.3
2026,1,"Ocak","January",2026-01-01,"Male",32969,22637,20993,1644,10332,68.7,63.7,7.3
2026,2,"Şubat","February",2026-02-01,"Male",32998,22890,21139,1752,10108,69.4,64.1,7.7
2005,1,"Ocak","January",2005-01-01,"Female",24441,4716,4252,464,19725,19.3,17.4,9.8
2005,2,"Şubat","February",2005-02-01,"Female",24479,4669,4200,468,19810,19.1,17.2,10
2005,3,"Mart","March",2005-03-01,"Female",24514,4964,4512,452,19549,20.3,18.4,9.1
2005,4,"Nisan","April",2005-04-01,"Female",24552,5144,4701,443,19407,21,19.1,8.6
2005,5,"Mayıs","May",2005-05-01,"Female",24588,5589,5144,445,18999,22.7,20.9,8
2005,6,"Haziran","June",2005-06-01,"Female",24626,5576,5131,445,19050,22.6,20.8,8
2005,7,"Temmuz","July",2005-07-01,"Female",24663,5455,4995,460,19208,22.1,20.3,8.4
2005,8,"Ağustos","August",2005-08-01,"Female",24701,5457,5010,447,19244,22.1,20.3,8.2
2005,9,"Eylül","September",2005-09-01,"Female",24739,5464,4965,499,19275,22.1,20.1,9.1
2005,10,"Ekim","October",2005-10-01,"Female",24776,5371,4854,518,19404,21.7,19.6,9.6
2005,11,"Kasım","November",2005-11-01,"Female",24814,5340,4833,508,19474,21.5,19.5,9.5
2005,12,"Aralık","December",2005-12-01,"Female",24851,5170,4680,490,19680,20.8,18.8,9.5
2006,1,"Ocak","January",2006-01-01,"Female",24888,4669,4176,493,20219,18.8,16.8,10.6
2006,2,"Şubat","February",2006-02-01,"Female",24928,4769,4281,488,20158,19.1,17.2,10.2
2006,3,"Mart","March",2006-03-01,"Female",24962,4987,4524,463,19975,20,18.1,9.3
2006,4,"Nisan","April",2006-04-01,"Female",24998,5206,4790,415,19792,20.8,19.2,8
2006,5,"Mayıs","May",2006-05-01,"Female",25036,5735,5352,382,19301,22.9,21.4,6.7
2006,6,"Haziran","June",2006-06-01,"Female",25074,5755,5371,383,19319,23,21.4,6.7
2006,7,"Temmuz","July",2006-07-01,"Female",25111,5724,5157,567,19387,22.8,20.5,9.9
2006,8,"Ağustos","August",2006-08-01,"Female",25151,5714,5208,507,19436,22.7,20.7,8.9
2006,9,"Eylül","September",2006-09-01,"Female",25188,5704,5190,514,19484,22.6,20.6,9
2006,10,"Ekim","October",2006-10-01,"Female",25225,5435,4931,504,19790,21.5,19.5,9.3
2006,11,"Kasım","November",2006-11-01,"Female",25263,5399,4900,499,19864,21.4,19.4,9.2
2006,12,"Aralık","December",2006-12-01,"Female",25300,5289,4803,486,20011,20.9,19,9.2
2007,1,"Ocak","January",2007-01-01,"Female",25337,4982,4500,483,20355,19.7,17.8,9.7
2007,2,"Şubat","February",2007-02-01,"Female",25374,5144,4663,480,20230,20.3,18.4,9.3
2007,3,"Mart","March",2007-03-01,"Female",25407,5240,4771,468,20167,20.6,18.8,8.9
2007,4,"Nisan","April",2007-04-01,"Female",25444,5443,4989,454,20000,21.4,19.6,8.3
2007,5,"Mayıs","May",2007-05-01,"Female",25479,5822,5375,447,19657,22.8,21.1,7.7
2007,6,"Haziran","June",2007-06-01,"Female",25516,5894,5434,460,19622,23.1,21.3,7.8
2007,7,"Temmuz","July",2007-07-01,"Female",25551,5664,5156,508,19887,22.2,20.2,9
2007,8,"Ağustos","August",2007-08-01,"Female",25588,5649,5145,504,19939,22.1,20.1,8.9
2007,9,"Eylül","September",2007-09-01,"Female",25624,5660,5110,549,19965,22.1,19.9,9.7
2007,10,"Ekim","October",2007-10-01,"Female",25659,5278,4744,534,20381,20.6,18.5,10.1
2007,11,"Kasım","November",2007-11-01,"Female",25696,5200,4692,508,20496,20.2,18.3,9.8
2007,12,"Aralık","December",2007-12-01,"Female",25732,5106,4606,499,20626,19.8,17.9,9.8
2008,1,"Ocak","January",2008-01-01,"Female",25764,4961,4426,534,20804,19.3,17.2,10.8
2008,2,"Şubat","February",2008-02-01,"Female",25792,5112,4554,558,20680,19.8,17.7,10.9
2008,3,"Mart","March",2008-03-01,"Female",25819,5366,4826,540,20453,20.8,18.7,10.1
2008,4,"Nisan","April",2008-04-01,"Female",25847,5649,5153,496,20198,21.9,19.9,8.8
2008,5,"Mayıs","May",2008-05-01,"Female",25873,5931,5450,482,19942,22.9,21.1,8.1
2008,6,"Haziran","June",2008-06-01,"Female",25901,6184,5678,506,19717,23.9,21.9,8.2
2008,7,"Temmuz","July",2008-07-01,"Female",25928,6064,5484,580,19864,23.4,21.1,9.6
2008,8,"Ağustos","August",2008-08-01,"Female",25956,5985,5400,585,19971,23.1,20.8,9.8
2008,9,"Eylül","September",2008-09-01,"Female",25984,6110,5471,639,19874,23.5,21.1,10.5
2008,10,"Ekim","October",2008-10-01,"Female",26011,5868,5227,640,20144,22.6,20.1,10.9
2008,11,"Kasım","November",2008-11-01,"Female",26039,5712,5061,651,20327,21.9,19.4,11.4
2008,12,"Aralık","December",2008-12-01,"Female",26066,5746,5067,679,20320,22,19.4,11.8
2009,1,"Ocak","January",2009-01-01,"Female",26102,5673,4913,760,20429,21.7,18.8,13.4
2009,2,"Şubat","February",2009-02-01,"Female",26136,5526,4698,828,20610,21.1,18,15
2009,3,"Mart","March",2009-03-01,"Female",26171,5965,5128,837,20206,22.8,19.6,14
2009,4,"Nisan","April",2009-04-01,"Female",26210,6225,5416,809,19985,23.8,20.7,13
2009,5,"Mayıs","May",2009-05-01,"Female",26247,6259,5469,789,19988,23.8,20.8,12.6
2009,6,"Haziran","June",2009-06-01,"Female",26285,6695,5898,796,19590,25.5,22.4,11.9
2009,7,"Temmuz","July",2009-07-01,"Female",26322,6691,5824,867,19631,25.4,22.1,13
2009,8,"Ağustos","August",2009-08-01,"Female",26360,6430,5576,854,19930,24.4,21.2,13.3
2009,9,"Eylül","September",2009-09-01,"Female",26399,6663,5771,892,19736,25.2,21.9,13.4
2009,10,"Ekim","October",2009-10-01,"Female",26436,6487,5679,807,19949,24.5,21.5,12.4
2009,11,"Kasım","November",2009-11-01,"Female",26474,6314,5560,754,20159,23.9,21,11.9
2009,12,"Aralık","December",2009-12-01,"Female",26511,6297,5547,749,20214,23.8,20.9,11.9
2010,1,"Ocak","January",2010-01-01,"Female",26554,6234,5407,827,20320,23.5,20.4,13.3
2010,2,"Şubat","February",2010-02-01,"Female",26603,6251,5383,869,20352,23.5,20.2,13.9
2010,3,"Mart","March",2010-03-01,"Female",26650,6559,5721,838,20092,24.6,21.5,12.8
2010,4,"Nisan","April",2010-04-01,"Female",26696,6731,5954,777,19965,25.2,22.3,11.5
2010,5,"Mayıs","May",2010-05-01,"Female",26743,6912,6177,735,19831,25.8,23.1,10.6
2010,6,"Haziran","June",2010-06-01,"Female",26792,7074,6337,737,19718,26.4,23.7,10.4
2010,7,"Temmuz","July",2010-07-01,"Female",26839,7050,6235,815,19789,26.3,23.2,11.6
2010,8,"Ağustos","August",2010-08-01,"Female",26888,6872,6060,812,20016,25.6,22.5,11.8
2010,9,"Eylül","September",2010-09-01,"Female",26937,6969,6108,860,19968,25.9,22.7,12.3
2010,10,"Ekim","October",2010-10-01,"Female",26984,6829,6031,798,20155,25.3,22.4,11.7
2010,11,"Kasım","November",2010-11-01,"Female",27033,6682,5926,757,20351,24.7,21.9,11.3
2010,12,"Aralık","December",2010-12-01,"Female",27080,6685,5946,739,20395,24.7,22,11.1
2011,1,"Ocak","January",2011-01-01,"Female",27126,6510,5741,769,20616,24,21.2,11.8
2011,2,"Şubat","February",2011-02-01,"Female",27170,6646,5859,787,20524,24.5,21.6,11.8
2011,3,"Mart","March",2011-03-01,"Female",27209,6993,6230,762,20216,25.7,22.9,10.9
2011,4,"Nisan","April",2011-04-01,"Female",27252,7045,6303,741,20208,25.9,23.1,10.5
2011,5,"Mayıs","May",2011-05-01,"Female",27294,7505,6776,730,19789,27.5,24.8,9.7
2011,6,"Haziran","June",2011-06-01,"Female",27337,7609,6867,742,19729,27.8,25.1,9.7
2011,7,"Temmuz","July",2011-07-01,"Female",27380,7475,6676,800,19904,27.3,24.4,10.7
2011,8,"Ağustos","August",2011-08-01,"Female",27423,7418,6656,762,20005,27.1,24.3,10.3
2011,9,"Eylül","September",2011-09-01,"Female",27466,7431,6655,777,20035,27.1,24.2,10.5
2011,10,"Ekim","October",2011-10-01,"Female",27508,7240,6522,718,20268,26.3,23.7,9.9
2011,11,"Kasım","November",2011-11-01,"Female",27552,6967,6286,682,20584,25.3,22.8,9.8
2011,12,"Aralık","December",2011-12-01,"Female",27594,6978,6312,666,20615,25.3,22.9,9.5
2012,1,"Ocak","January",2012-01-01,"Female",27636,6754,6051,703,20882,24.4,21.9,10.4
2012,2,"Şubat","February",2012-02-01,"Female",27678,6719,5992,727,20959,24.3,21.6,10.8
2012,3,"Mart","March",2012-03-01,"Female",27718,7186,6484,702,20532,25.9,23.4,9.8
2012,4,"Nisan","April",2012-04-01,"Female",27760,7277,6618,658,20483,26.2,23.8,9
2012,5,"Mayıs","May",2012-05-01,"Female",27800,7742,7105,636,20059,27.8,25.6,8.2
2012,6,"Haziran","June",2012-06-01,"Female",27843,7808,7161,646,20035,28,25.7,8.3
2012,7,"Temmuz","July",2012-07-01,"Female",27883,7581,6874,707,20303,27.2,24.7,9.3
2012,8,"Ağustos","August",2012-08-01,"Female",27925,7528,6816,713,20397,27,24.4,9.5
2012,9,"Eylül","September",2012-09-01,"Female",27967,7615,6823,792,20352,27.2,24.4,10.4
2012,10,"Ekim","October",2012-10-01,"Female",28008,7746,6951,794,20262,27.7,24.8,10.3
2012,11,"Kasım","November",2012-11-01,"Female",28050,7584,6797,787,20466,27,24.2,10.4
2012,12,"Aralık","December",2012-12-01,"Female",28091,7529,6744,785,20562,26.8,24,10.4
2013,1,"Ocak","January",2013-01-01,"Female",28133,7485,6662,823,20648,26.6,23.7,11
2013,2,"Şubat","February",2013-02-01,"Female",28175,7455,6605,850,20720,26.5,23.4,11.4
2013,3,"Mart","March",2013-03-01,"Female",28213,7769,6933,836,20444,27.5,24.6,10.8
2013,4,"Nisan","April",2013-04-01,"Female",28255,7925,7113,812,20330,28,25.2,10.3
2013,5,"Mayıs","May",2013-05-01,"Female",28296,8303,7508,795,19993,29.3,26.5,9.6
2013,6,"Haziran","June",2013-06-01,"Female",28338,8288,7478,811,20050,29.2,26.4,9.8
2013,7,"Temmuz","July",2013-07-01,"Female",28379,8105,7222,882,20275,28.6,25.4,10.9
2013,8,"Ağustos","August",2013-08-01,"Female",28421,7970,7103,867,20452,28,25,10.9
2013,9,"Eylül","September",2013-09-01,"Female",28464,7970,7035,935,20493,28,24.7,11.7
2013,10,"Ekim","October",2013-10-01,"Female",28504,7976,7060,916,20528,28,24.8,11.5
2013,11,"Kasım","November",2013-11-01,"Female",28547,7770,6873,897,20776,27.2,24.1,11.6
2013,12,"Aralık","December",2013-12-01,"Female",28587,7875,6993,883,20712,27.5,24.5,11.2
2014,1,"Ocak","January",2014-01-01,"Female",28628,7731,6855,876,20897,27,23.9,11.3
2014,2,"Şubat","February",2014-02-01,"Female",28667,8062,7071,991,20605,28.1,24.7,12.3
2014,3,"Mart","March",2014-03-01,"Female",28703,8558,7642,916,20144,29.8,26.6,10.7
2014,4,"Nisan","April",2014-04-01,"Female",28742,8544,7646,898,20199,29.7,26.6,10.5
2014,5,"Mayıs","May",2014-05-01,"Female",28780,8862,7954,908,19918,30.8,27.6,10.2
2014,6,"Haziran","June",2014-06-01,"Female",28820,9001,8012,989,19819,31.2,27.8,11
2014,7,"Temmuz","July",2014-07-01,"Female",28858,8619,7619,1000,20239,29.9,26.4,11.6
2014,8,"Ağustos","August",2014-08-01,"Female",28897,8878,7746,1131,20020,30.7,26.8,12.7
2014,9,"Eylül","September",2014-09-01,"Female",28936,8940,7755,1185,19996,30.9,26.8,13.3
2014,10,"Ekim","October",2014-10-01,"Female",28974,8911,7669,1242,20063,30.8,26.5,13.9
2014,11,"Kasım","November",2014-11-01,"Female",29014,8695,7591,1104,20319,30,26.2,12.7
2014,12,"Aralık","December",2014-12-01,"Female",29052,8655,7561,1094,20397,29.8,26,12.6
2015,1,"Ocak","January",2015-01-01,"Female",29090,8378,7284,1094,20711,28.8,25,13.1
2015,2,"Şubat","February",2015-02-01,"Female",29125,8759,7546,1213,20366,30.1,25.9,13.9
2015,3,"Mart","March",2015-03-01,"Female",29157,8983,7879,1105,20174,30.8,27,12.3
2015,4,"Nisan","April",2015-04-01,"Female",29192,8959,7887,1072,20234,30.7,27,12
2015,5,"Mayıs","May",2015-05-01,"Female",29227,9396,8382,1014,19831,32.1,28.7,10.8
2015,6,"Haziran","June",2015-06-01,"Female",29262,9486,8355,1132,19776,32.4,28.6,11.9
2015,7,"Temmuz","July",2015-07-01,"Female",29299,9096,7939,1157,20203,31,27.1,12.7
2015,8,"Ağustos","August",2015-08-01,"Female",29341,9525,8299,1225,19816,32.5,28.3,12.9
2015,9,"Eylül","September",2015-09-01,"Female",29382,9450,8174,1275,19932,32.2,27.8,13.5
2015,10,"Ekim","October",2015-10-01,"Female",29422,9378,8133,1245,20044,31.9,27.6,13.3
2015,11,"Kasım","November",2015-11-01,"Female",29464,9334,8186,1148,20130,31.7,27.8,12.3
2015,12,"Aralık","December",2015-12-01,"Female",29504,9205,8006,1199,20298,31.2,27.1,13
2016,1,"Ocak","January",2016-01-01,"Female",29539,8940,7782,1158,20599,30.3,26.3,13
2016,2,"Şubat","February",2016-02-01,"Female",29566,9208,8029,1179,20358,31.1,27.2,12.8
2016,3,"Mart","March",2016-03-01,"Female",29592,9347,8227,1120,20245,31.6,27.8,12
2016,4,"Nisan","April",2016-04-01,"Female",29619,9394,8397,998,20225,31.7,28.3,10.6
2016,5,"Mayıs","May",2016-05-01,"Female",29646,9904,8841,1063,19742,33.4,29.8,10.7
2016,6,"Haziran","June",2016-06-01,"Female",29674,9783,8603,1180,19891,33,29,12.1
2016,7,"Temmuz","July",2016-07-01,"Female",29706,9701,8341,1360,20006,32.7,28.1,14
2016,8,"Ağustos","August",2016-08-01,"Female",29747,9933,8463,1470,19814,33.4,28.5,14.8
2016,9,"Eylül","September",2016-09-01,"Female",29787,9884,8280,1604,19902,33.2,27.8,16.2
2016,10,"Ekim","October",2016-10-01,"Female",29826,10007,8399,1608,19819,33.6,28.2,16.1
2016,11,"Kasım","November",2016-11-01,"Female",29866,9765,8256,1509,20101,32.7,27.6,15.5
2016,12,"Aralık","December",2016-12-01,"Female",29905,9526,8018,1508,20378,31.9,26.8,15.8
2017,1,"Ocak","January",2017-01-01,"Female",30056,9459,8058,1401,20597,31.5,26.8,14.8
2017,2,"Şubat","February",2017-02-01,"Female",30091,9743,8262,1481,20348,32.4,27.5,15.2
2017,3,"Mart","March",2017-03-01,"Female",30123,9828,8472,1356,20295,32.6,28.1,13.8
2017,4,"Nisan","April",2017-04-01,"Female",30157,9996,8715,1281,20162,33.1,28.9,12.8
2017,5,"Mayıs","May",2017-05-01,"Female",30191,10238,8947,1292,19953,33.9,29.6,12.6
2017,6,"Haziran","June",2017-06-01,"Female",30226,10256,8886,1370,19970,33.9,29.4,13.4
2017,7,"Temmuz","July",2017-07-01,"Female",30260,10208,8753,1455,20052,33.7,28.9,14.3
2017,8,"Ağustos","August",2017-08-01,"Female",30295,10356,8764,1592,19939,34.2,28.9,15.4
2017,9,"Eylül","September",2017-09-01,"Female",30330,10406,8879,1527,19924,34.3,29.3,14.7
2017,10,"Ekim","October",2017-10-01,"Female",30364,10474,9005,1469,19889,34.5,29.7,14
2017,11,"Kasım","November",2017-11-01,"Female",30398,10255,8918,1337,20144,33.7,29.3,13
2017,12,"Aralık","December",2017-12-01,"Female",30432,10107,8813,1293,20325,33.2,29,12.8
2018,1,"Ocak","January",2018-01-01,"Female",30467,9951,8634,1317,20516,32.7,28.3,13.2
2018,2,"Şubat","February",2018-02-01,"Female",30500,10156,8758,1398,20344,33.3,28.7,13.8
2018,3,"Mart","March",2018-03-01,"Female",30530,10269,8982,1287,20261,33.6,29.4,12.5
2018,4,"Nisan","April",2018-04-01,"Female",30564,10356,9139,1217,20207,33.9,29.9,11.8
2018,5,"Mayıs","May",2018-05-01,"Female",30596,10593,9306,1286,20003,34.6,30.4,12.1
2018,6,"Haziran","June",2018-06-01,"Female",30629,10587,9233,1354,20043,34.6,30.1,12.8
2018,7,"Temmuz","July",2018-07-01,"Female",30662,10599,9091,1508,20062,34.6,29.6,14.2
2018,8,"Ağustos","August",2018-08-01,"Female",30695,10637,9025,1611,20059,34.7,29.4,15.1
2018,9,"Eylül","September",2018-09-01,"Female",30728,10877,9210,1668,19851,35.4,30,15.3
2018,10,"Ekim","October",2018-10-01,"Female",30761,10610,9088,1523,20150,34.5,29.5,14.4
2018,11,"Kasım","November",2018-11-01,"Female",30794,10459,8963,1496,20335,34,29.1,14.3
2018,12,"Aralık","December",2018-12-01,"Female",30827,10319,8780,1539,20508,33.5,28.5,14.9
2019,1,"Ocak","January",2019-01-01,"Female",30865,10263,8587,1676,20602,33.2,27.8,16.3
2019,2,"Şubat","February",2019-02-01,"Female",30908,10542,8714,1828,20366,34.1,28.2,17.3
2019,3,"Mart","March",2019-03-01,"Female",30947,10689,8953,1736,20257,34.5,28.9,16.2
2019,4,"Nisan","April",2019-04-01,"Female",30990,10630,9079,1551,20360,34.3,29.3,14.6
2019,5,"Mayıs","May",2019-05-01,"Female",31031,10717,9143,1574,20314,34.5,29.5,14.7
2019,6,"Haziran","June",2019-06-01,"Female",31075,10710,9068,1643,20364,34.5,29.2,15.3
2019,7,"Temmuz","July",2019-07-01,"Female",31116,10909,9063,1846,20207,35.1,29.1,16.9
2019,8,"Ağustos","August",2019-08-01,"Female",31160,10884,8957,1927,20275,34.9,28.7,17.7
2019,9,"Eylül","September",2019-09-01,"Female",31202,11015,9030,1985,20187,35.3,28.9,18
2019,10,"Ekim","October",2019-10-01,"Female",31244,10817,9052,1764,20428,34.6,29,16.3
2019,11,"Kasım","November",2019-11-01,"Female",31288,10679,8924,1755,20609,34.1,28.5,16.4
2019,12,"Aralık","December",2019-12-01,"Female",31329,10234,8535,1698,21095,32.7,27.2,16.6
2020,1,"Ocak","January",2020-01-01,"Female",31374,10075,8421,1654,21298,32.1,26.8,16.4
2020,2,"Şubat","February",2020-02-01,"Female",31420,10120,8590,1530,21299,32.2,27.3,15.1
2020,3,"Mart","March",2020-03-01,"Female",31463,9286,7943,1343,22177,29.5,25.2,14.5
2020,4,"Nisan","April",2020-04-01,"Female",31509,9076,7940,1136,22433,28.8,25.2,12.5
2020,5,"Mayıs","May",2020-05-01,"Female",31553,9321,8151,1171,22232,29.5,25.8,12.6
2020,6,"Haziran","June",2020-06-01,"Female",31599,9801,8377,1424,21798,31,26.5,14.5
2020,7,"Temmuz","July",2020-07-01,"Female",31644,10041,8410,1632,21602,31.7,26.6,16.2
2020,8,"Ağustos","August",2020-08-01,"Female",31690,10153,8558,1595,21537,32,27,15.7
2020,9,"Eylül","September",2020-09-01,"Female",31735,10079,8511,1568,21656,31.8,26.8,15.6
2020,10,"Ekim","October",2020-10-01,"Female",31780,9880,8367,1513,21900,31.1,26.3,15.3
2020,11,"Kasım","November",2020-11-01,"Female",31826,9554,8155,1399,22273,30,25.6,14.6
2020,12,"Aralık","December",2020-12-01,"Female",31871,9438,8100,1339,22433,29.6,25.4,14.2
2021,1,"Ocak","January",2021-01-01,"Female",31917,9758,8319,1438,22160,30.6,26.1,14.7
2021,2,"Şubat","February",2021-02-01,"Female",31965,10114,8484,1630,21851,31.6,26.5,16.1
2021,3,"Mart","March",2021-03-01,"Female",32007,10056,8463,1593,21951,31.4,26.4,15.8
2021,4,"Nisan","April",2021-04-01,"Female",32054,10384,8919,1465,21670,32.4,27.8,14.1
2021,5,"Mayıs","May",2021-05-01,"Female",32100,10061,8685,1376,22039,31.3,27.1,13.7
2021,6,"Haziran","June",2021-06-01,"Female",32147,10387,9008,1378,21760,32.3,28,13.3
2021,7,"Temmuz","July",2021-07-01,"Female",32193,10936,9316,1620,21256,34,28.9,14.8
2021,8,"Ağustos","August",2021-08-01,"Female",32240,10889,9156,1733,21351,33.8,28.4,15.9
2021,9,"Eylül","September",2021-09-01,"Female",32287,11196,9473,1722,21091,34.7,29.3,15.4
2021,10,"Ekim","October",2021-10-01,"Female",32333,11181,9607,1574,21151,34.6,29.7,14.1
2021,11,"Kasım","November",2021-11-01,"Female",32380,10972,9386,1586,21407,33.9,29,14.5
2021,12,"Aralık","December",2021-12-01,"Female",32425,10896,9401,1495,21529,33.6,29,13.7
2022,1,"Ocak","January",2022-01-01,"Female",32468,10920,9412,1508,21548,33.6,29,13.8
2022,2,"Şubat","February",2022-02-01,"Female",32506,10974,9419,1555,21533,33.8,29,14.2
2022,3,"Mart","March",2022-03-01,"Female",32541,10844,9343,1500,21697,33.3,28.7,13.8
2022,4,"Nisan","April",2022-04-01,"Female",32579,11208,9735,1473,21371,34.4,29.9,13.1
2022,5,"Mayıs","May",2022-05-01,"Female",32615,11452,10056,1396,21163,35.1,30.8,12.2
2022,6,"Haziran","June",2022-06-01,"Female",32653,11512,10017,1495,21141,35.3,30.7,13
2022,7,"Temmuz","July",2022-07-01,"Female",32691,11418,9849,1569,21273,34.9,30.1,13.7
2022,8,"Ağustos","August",2022-08-01,"Female",32729,11640,10083,1557,21088,35.6,30.8,13.4
2022,9,"Eylül","September",2022-09-01,"Female",32767,11774,10174,1600,20992,35.9,31,13.6
2022,10,"Ekim","October",2022-10-01,"Female",32804,11879,10282,1597,20925,36.2,31.3,13.4
2022,11,"Kasım","November",2022-11-01,"Female",32842,12127,10585,1542,20714,36.9,32.2,12.7
2022,12,"Aralık","December",2022-12-01,"Female",32878,11737,10026,1711,21141,35.7,30.5,14.6
2023,1,"Ocak","January",2023-01-01,"Female",32910,11595,9983,1612,21315,35.2,30.3,13.9
2023,2,"Şubat","February",2023-02-01,"Female",32935,11728,10179,1550,21206,35.6,30.9,13.2
2023,3,"Mart","March",2023-03-01,"Female",32957,11460,9875,1585,21497,34.8,30,13.8
2023,4,"Nisan","April",2023-04-01,"Female",32981,11821,10237,1584,21160,35.8,31,13.4
2023,5,"Mayıs","May",2023-05-01,"Female",33005,11815,10448,1367,21190,35.8,31.7,11.6
2023,6,"Haziran","June",2023-06-01,"Female",33030,11736,10273,1463,21293,35.5,31.1,12.5
2023,7,"Temmuz","July",2023-07-01,"Female",33053,12031,10437,1593,21022,36.4,31.6,13.2
2023,8,"Ağustos","August",2023-08-01,"Female",33078,12017,10437,1580,21061,36.3,31.6,13.1
2023,9,"Eylül","September",2023-09-01,"Female",33102,11947,10413,1534,21155,36.1,31.5,12.8
2023,10,"Ekim","October",2023-10-01,"Female",33126,12002,10661,1341,21124,36.2,32.2,11.2
2023,11,"Kasım","November",2023-11-01,"Female",33151,11917,10551,1365,21234,35.9,31.8,11.5
2023,12,"Aralık","December",2023-12-01,"Female",33175,11894,10426,1468,21281,35.9,31.4,12.3
2024,1,"Ocak","January",2024-01-01,"Female",33197,11978,10556,1422,21219,36.1,31.8,11.9
2024,2,"Şubat","February",2024-02-01,"Female",33216,12100,10708,1392,21116,36.4,32.2,11.5
2024,3,"Mart","March",2024-03-01,"Female",33235,12099,10623,1476,21136,36.4,32,12.2
2024,4,"Nisan","April",2024-04-01,"Female",33254,12024,10740,1284,21230,36.2,32.3,10.7
2024,5,"Mayıs","May",2024-05-01,"Female",33272,12352,11150,1202,20921,37.1,33.5,9.7
2024,6,"Haziran","June",2024-06-01,"Female",33292,12154,10680,1474,21138,36.5,32.1,12.1
2024,7,"Temmuz","July",2024-07-01,"Female",33311,12372,10744,1629,20938,37.1,32.3,13.2
2024,8,"Ağustos","August",2024-08-01,"Female",33330,12446,10956,1490,20884,37.3,32.9,12
2024,9,"Eylül","September",2024-09-01,"Female",33350,12487,10852,1635,20862,37.4,32.5,13.1
2024,10,"Ekim","October",2024-10-01,"Female",33368,12627,11092,1535,20742,37.8,33.2,12.2
2024,11,"Kasım","November",2024-11-01,"Female",33388,12315,10921,1393,21073,36.9,32.7,11.3
2024,12,"Aralık","December",2024-12-01,"Female",33407,11958,10551,1407,21448,35.8,31.6,11.8
2025,1,"Ocak","January",2025-01-01,"Female",33428,12127,10634,1494,21300,36.3,31.8,12.3
2025,2,"Şubat","February",2025-02-01,"Female",33451,11825,10524,1301,21626,35.3,31.5,11
2025,3,"Mart","March",2025-03-01,"Female",33473,11660,10410,1250,21812,34.8,31.1,10.7
2025,4,"Nisan","April",2025-04-01,"Female",33496,12127,10820,1307,21369,36.2,32.3,10.8
2025,5,"Mayıs","May",2025-05-01,"Female",33519,12237,10957,1280,21282,36.5,32.7,10.5
2025,6,"Haziran","June",2025-06-01,"Female",33543,12060,10712,1348,21483,36,31.9,11.2
2025,7,"Temmuz","July",2025-07-01,"Female",33566,12451,11024,1427,21115,37.1,32.8,11.5
2025,8,"Ağustos","August",2025-08-01,"Female",33589,12677,11135,1542,20912,37.7,33.2,12.2
2025,9,"Eylül","September",2025-09-01,"Female",33613,12069,10616,1453,21544,35.9,31.6,12
2025,10,"Ekim","October",2025-10-01,"Female",33636,12586,11171,1415,21050,37.4,33.2,11.2
2025,11,"Kasım","November",2025-11-01,"Female",33660,12272,10854,1418,21387,36.5,32.2,11.6
2025,12,"Aralık","December",2025-12-01,"Female",33683,11477,10233,1243,22206,34.1,30.4,10.8
2026,1,"Ocak","January",2026-01-01,"Female",33711,11490,10191,1299,22220,34.1,30.2,11.3
2026,2,"Şubat","February",2026-02-01,"Female",33744,11706,10341,1366,22037,34.7,30.6,11.7
